,layer,layer_type,mode,prob_letter0,prob_letter1,prob_letter2,prob_letter3,prob_letter4,Let0,Let0Acc,Let1,Let1Acc,Let2,Let2Acc,Let3,Let3Acc,Let4,Let4Acc,Let1Prev,Let1PrevDiff,Let2Prev,Let2PrevDiff,Let3Prev,Let3PrevDiff,Let4Prev,Let4PrevDiff,Let0Next,Let0NextDiff,Let1Next,Let1NextDiff,Let2Next,Let2NextDiff,Let3Next,Let3NextDiff
0,0,attn,noising,0.8373712301254272,0.9392523169517517,0.9695384502410889,0.94976806640625,0.858538031578064,-0.7407569885253906,0.96875,-0.894599437713623,0.7265625,-1.0661649703979492,0.6640625,-1.1567370891571045,0.609375,-0.7381130456924438,0.84375,-6.148863792419434,5.2542643547058105,-6.072501182556152,5.006336212158203,-5.356444358825684,4.199707269668579,-5.798769474029541,5.060656428337097,-4.3177971839904785,3.577040195465088,-3.1548805236816406,2.2602810859680176,-3.484877824783325,2.418712854385376,-3.0708537101745605,1.914116621017456
1,0,attn,denoising,0.8332796096801758,0.9402422904968262,0.9661256670951843,0.9447144865989685,0.8951141834259033,-4.692332744598389,0.0625,-4.756189346313477,0.1171875,-5.468902587890625,0.0390625,-5.558749675750732,0.0625,-6.184621810913086,0.0859375,-5.906488418579102,1.150299072265625,-5.671154022216797,0.20225143432617188,-5.050439357757568,-0.5083103179931641,-6.0287675857543945,-0.1558542251586914,-4.748341083526611,0.056008338928222656,-5.175213813781738,0.4190244674682617,-5.424506187438965,-0.044396400451660156,-5.8372626304626465,0.27851295471191406
2,0,mlp,noising,0.8373861908912659,0.9396540522575378,0.9697602987289429,0.9495012760162354,0.8573700189590454,-0.7410416603088379,0.96875,-0.8946758508682251,0.7421875,-1.079265832901001,0.65625,-1.1666326522827148,0.6015625,-0.7375816702842712,0.8515625,-6.1148576736450195,5.220181822776794,-6.008359909057617,4.929094076156616,-5.293574333190918,4.126941680908203,-5.734837532043457,4.997255861759186,-4.315997123718262,3.574955463409424,-3.1425564289093018,2.2478805780410767,-3.4811012744903564,2.4018354415893555,-3.052300214767456,1.8856675624847412
3,0,mlp,denoising,0.833103597164154,0.9402333498001099,0.9664990901947021,0.9441273212432861,0.8946608304977417,-4.69401741027832,0.0625,-4.734340190887451,0.1171875,-5.441227912902832,0.0390625,-5.516026496887207,0.078125,-6.167595863342285,0.0859375,-5.931133270263672,1.1967930793762207,-5.738523483276367,0.29729557037353516,-5.095489501953125,-0.42053699493408203,-6.085585594177246,-0.08201026916503906,-4.751033782958984,0.05701637268066406,-5.164861679077148,0.43052148818969727,-5.414515972137451,-0.02671194076538086,-5.8245649337768555,0.30853843688964844
4,1,attn,noising,0.8374994993209839,0.9394060969352722,0.9691406488418579,0.9500415325164795,0.8582582473754883,-0.7401650547981262,0.96875,-0.8906992673873901,0.7421875,-1.0678961277008057,0.671875,-1.1573121547698975,0.6171875,-0.7387619018554688,0.84375,-6.151413917541504,5.260714650154114,-6.067814350128174,4.999918222427368,-5.377030372619629,4.2197182178497314,-5.805937767028809,5.06717586517334,-4.3168416023254395,3.5766765475273132,-3.1555771827697754,2.2648779153823853,-3.4799821376800537,2.412086009979248,-3.078781843185425,1.9214696884155273
5,1,attn,denoising,0.8332394361495972,0.9400420188903809,0.9655410647392273,0.9446503520011902,0.8953187465667725,-4.6969451904296875,0.0625,-4.763134002685547,0.125,-5.452873229980469,0.0390625,-5.556620121002197,0.0703125,-6.170336723327637,0.0859375,-5.9045610427856445,1.1414270401000977,-5.665781021118164,0.2129077911376953,-5.042896270751953,-0.5137238502502441,-6.014094352722168,-0.15624237060546875,-4.752523899078369,0.05557870864868164,-5.177258491516113,0.4141244888305664,-5.418923377990723,-0.033949851989746094,-5.843086242675781,0.286466121673584
6,1,mlp,noising,0.8373304605484009,0.9392566084861755,0.9694435596466064,0.9497824907302856,0.8585149645805359,-0.7407178282737732,0.96875,-0.8932757377624512,0.734375,-1.0669195652008057,0.65625,-1.1561187505722046,0.6171875,-0.7384771108627319,0.8359375,-6.157147407531738,5.263871669769287,-6.092153072357178,5.025233507156372,-5.370149612426758,4.214030861854553,-5.811596870422363,5.073119759559631,-4.315664291381836,3.5749464631080627,-3.1563589572906494,2.2630832195281982,-3.484093189239502,2.4171736240386963,-3.0708136558532715,1.914694905281067
7,1,mlp,denoising,0.8331670165061951,0.9404302835464478,0.9659278392791748,0.944588840007782,0.8951323628425598,-4.693029403686523,0.0625,-4.757088661193848,0.1171875,-5.472963333129883,0.0390625,-5.553837776184082,0.0703125,-6.185580253601074,0.0859375,-5.896806716918945,1.1397180557250977,-5.656856536865234,0.18389320373535156,-5.044435977935791,-0.509401798248291,-6.016086578369141,-0.1694936752319336,-4.750848770141602,0.057819366455078125,-5.171963214874268,0.4148745536804199,-5.430493354797363,-0.04246997833251953,-5.838335990905762,0.2844982147216797
8,2,attn,noising,0.8374795913696289,0.9391969442367554,0.9695005416870117,0.9496376514434814,0.8584221005439758,-0.7399647235870361,0.96875,-0.8959581851959229,0.734375,-1.0634033679962158,0.6640625,-1.156933069229126,0.6171875,-0.7387116551399231,0.8359375,-6.152738571166992,5.256780385971069,-6.074174880981445,5.0107715129852295,-5.363783836364746,4.20685076713562,-5.808493614196777,5.069781959056854,-4.315558910369873,3.575594186782837,-3.1533007621765137,2.257342576980591,-3.48799467086792,2.424591302871704,-3.073277711868286,1.9163446426391602
9,2,attn,denoising,0.8334765434265137,0.9402511119842529,0.9660817384719849,0.9447736740112305,0.8952947854995728,-4.693638801574707,0.0625,-4.757701873779297,0.125,-5.473773002624512,0.0390625,-5.5575056076049805,0.0703125,-6.184322834014893,0.0859375,-5.9029765129089355,1.1452746391296387,-5.668017864227295,0.1942448616027832,-5.044369697570801,-0.5131359100341797,-6.022030830383301,-0.1622920036315918,-4.754204750061035,0.060565948486328125,-5.174640655517578,0.41693878173828125,-5.422852039337158,-0.050920963287353516,-5.836513519287109,0.2790079116821289
10,2,mlp,noising,0.8376128673553467,0.9392580986022949,0.9698423147201538,0.9493982195854187,0.8588606715202332,-0.740134596824646,0.96875,-0.8969384431838989,0.734375,-1.066460132598877,0.65625,-1.1572234630584717,0.6171875,-0.7403569221496582,0.84375,-6.153213024139404,5.256274580955505,-6.067580699920654,5.001120567321777,-5.350000381469727,4.192776918411255,-5.799200534820557,5.058843612670898,-4.315058708190918,3.574924111366272,-3.1508536338806152,2.2539151906967163,-3.4810075759887695,2.4145474433898926,-3.070040702819824,1.9128172397613525
11,2,mlp,denoising,0.8331135511398315,0.9402925372123718,0.966151237487793,0.943736732006073,0.8945773839950562,-4.69247579574585,0.0625,-4.756130218505859,0.1171875,-5.474252700805664,0.0390625,-5.544730186462402,0.0703125,-6.184873580932617,0.0859375,-5.90316104888916,1.1470308303833008,-5.681231498718262,0.20697879791259766,-5.04030704498291,-0.5044231414794922,-6.037612438201904,-0.1472611427307129,-4.7491774559021,0.05670166015625,-5.1730170249938965,0.4168868064880371,-5.425970077514648,-0.048282623291015625,-5.8230133056640625,0.27828311920166016
12,3,attn,noising,0.8377004861831665,0.9392179250717163,0.9692507982254028,0.9495759010314941,0.8579539060592651,-0.7395163178443909,0.96875,-0.8936852216720581,0.7265625,-1.0666004419326782,0.6640625,-1.154374599456787,0.6171875,-0.7385455369949341,0.84375,-6.1472673416137695,5.253582119941711,-6.067279815673828,5.00067937374115,-5.3448805809021,4.1905059814453125,-5.801648139953613,5.063102602958679,-4.3169426918029785,3.5774263739585876,-3.152771472930908,2.25908625125885,-3.486340045928955,2.419739603996277,-3.0717275142669678,1.9173529148101807
13,3,attn,denoising,0.8328151702880859,0.9402349591255188,0.965496301651001,0.9446266889572144,0.8948812484741211,-4.696283340454102,0.0625,-4.758734226226807,0.125,-5.463794708251953,0.0390625,-5.561997890472412,0.0703125,-6.1785664558410645,0.0859375,-5.907138347625732,1.1484041213989258,-5.670138359069824,0.2063436508178711,-5.056041240692139,-0.5059566497802734,-6.024155616760254,-0.15441083908081055,-4.7508368492126465,0.05455350875854492,-5.171631813049316,0.41289758682250977,-5.4167938232421875,-0.047000885009765625,-5.846522808074951,0.28452491760253906
14,3,mlp,noising,0.8370316028594971,0.9394696950912476,0.969821572303772,0.949276328086853,0.8581866025924683,-0.7419947385787964,0.96875,-0.8955353498458862,0.734375,-1.073589563369751,0.65625,-1.1651430130004883,0.6015625,-0.7311760783195496,0.84375,-6.148046970367432,5.252511620521545,-6.072917938232422,4.999328374862671,-5.341892719268799,4.1767497062683105,-5.788875579833984,5.057699501514435,-4.312505722045898,3.570510983467102,-3.155338764190674,2.2598034143447876,-3.474283218383789,2.400693655014038,-3.0445303916931152,1.879387378692627
15,3,mlp,denoising,0.8335195183753967,0.9404505491256714,0.9656565189361572,0.944638729095459,0.8934593200683594,-4.694559097290039,0.0625,-4.755742073059082,0.1171875,-5.477363109588623,0.0390625,-5.54434871673584,0.0625,-6.17236328125,0.0859375,-5.903564453125,1.147822380065918,-5.661489486694336,0.1841263771057129,-5.067604064941406,-0.4767446517944336,-6.00525426864624,-0.16710901260375977,-4.751344203948975,0.05678510665893555,-5.171169281005859,0.41542720794677734,-5.428431510925293,-0.04893159866333008,-5.842295169830322,0.2979464530944824
16,4,attn,noising,0.8378357291221619,0.9392794370651245,0.9693224430084229,0.9495920538902283,0.8581881523132324,-0.7388530969619751,0.96875,-0.8923227190971375,0.7265625,-1.0679762363433838,0.6640625,-1.1586270332336426,0.6015625,-0.7380530834197998,0.84375,-6.148974418640137,5.256651699542999,-6.0738115310668945,5.005835294723511,-5.359414100646973,4.20078706741333,-5.810616493225098,5.072563409805298,-4.318367958068848,3.5795148611068726,-3.1555709838867188,2.2632482647895813,-3.4872851371765137,2.41930890083313,-3.061715841293335,1.9030888080596924
17,4,attn,denoising,0.8332113027572632,0.9400444626808167,0.9657852053642273,0.9446424245834351,0.8953276872634888,-4.6943359375,0.0625,-4.752525329589844,0.1171875,-5.457828998565674,0.0390625,-5.557978630065918,0.0625,-6.187915802001953,0.0859375,-5.900478363037109,1.1479530334472656,-5.663684844970703,0.2058558464050293,-5.041926383972168,-0.51605224609375,-6.026611328125,-0.16130447387695312,-4.75016975402832,0.05583381652832031,-5.170420169830322,0.4178948402404785,-5.417915344238281,-0.03991365432739258,-5.8432817459106445,0.28530311584472656
18,4,mlp,noising,0.8368862867355347,0.9390510320663452,0.9687768220901489,0.949072003364563,0.8584121465682983,-0.7424533367156982,0.96875,-0.8974482417106628,0.734375,-1.0679268836975098,0.6640625,-1.1527128219604492,0.625,-0.7394924163818359,0.828125,-6.15383768081665,5.2563894391059875,-6.088613033294678,5.020686149597168,-5.358577728271484,4.205864906311035,-5.812938213348389,5.073445796966553,-4.314094543457031,3.571641206741333,-3.15594482421875,2.258496582508087,-3.4800095558166504,2.4120826721191406,-3.0536632537841797,1.9009504318237305
19,4,mlp,denoising,0.8330273628234863,0.9403226375579834,0.9656850695610046,0.9446329474449158,0.894059419631958,-4.701958656311035,0.0625,-4.752767562866211,0.1171875,-5.4484405517578125,0.0390625,-5.549520492553711,0.0703125,-6.167872428894043,0.0859375,-5.897483825683594,1.1447162628173828,-5.630130290985107,0.18168973922729492,-5.041679382324219,-0.5078411102294922,-6.005315780639648,-0.16255664825439453,-4.755529403686523,0.05357074737548828,-5.172674179077148,0.4199066162109375,-5.414768218994141,-0.033672332763671875,-5.841031074523926,0.29151058197021484
20,5,attn,noising,0.8373289108276367,0.9392341375350952,0.9697704315185547,0.9501673579216003,0.8580384254455566,-0.7403355240821838,0.9609375,-0.9006662368774414,0.7421875,-1.0677992105484009,0.6640625,-1.155402660369873,0.609375,-0.7394310832023621,0.828125,-6.161423683166504,5.2607574462890625,-6.0757904052734375,5.007991194725037,-5.364925861358643,4.2095232009887695,-5.812385559082031,5.072954475879669,-4.317008018493652,3.5766724944114685,-3.155122995376587,2.2544567584991455,-3.484421491622925,2.416622281074524,-3.0751423835754395,1.9197397232055664
21,5,attn,denoising,0.8333371877670288,0.9401921629905701,0.9656579494476318,0.9444407224655151,0.8952445983886719,-4.687995433807373,0.0625,-4.755228519439697,0.125,-5.466662406921387,0.0390625,-5.559921741485596,0.0703125,-6.169183731079102,0.0859375,-5.895701885223389,1.1404733657836914,-5.66314697265625,0.19648456573486328,-5.045186519622803,-0.514735221862793,-6.003897666931152,-0.16528606414794922,-4.746643543243408,0.058648109436035156,-5.1755876541137695,0.42035913467407227,-5.426772117614746,-0.039890289306640625,-5.837621688842773,0.27769994735717773
22,5,mlp,noising,0.8369492292404175,0.9399547576904297,0.969406247138977,0.9488989114761353,0.8583278059959412,-0.7441463470458984,0.96875,-0.8934966921806335,0.7421875,-1.0728986263275146,0.65625,-1.160811424255371,0.625,-0.7386470437049866,0.8203125,-6.155056476593018,5.261559784412384,-6.083099842071533,5.0102012157440186,-5.366649627685547,4.205838203430176,-5.800669193267822,5.062022149562836,-4.31345796585083,3.5693116188049316,-3.1627197265625,2.2692230343818665,-3.4731600284576416,2.400261402130127,-3.0533385276794434,1.8925271034240723
23,5,mlp,denoising,0.8323284387588501,0.9403565526008606,0.9654762744903564,0.9453545808792114,0.8942841291427612,-4.687944412231445,0.0625,-4.757970809936523,0.125,-5.450314521789551,0.0390625,-5.561309814453125,0.0703125,-6.16758918762207,0.0859375,-5.899168014526367,1.1411972045898438,-5.641110420227051,0.1907958984375,-5.040736675262451,-0.5205731391906738,-6.013453483581543,-0.15413570404052734,-4.742832183837891,0.05488777160644531,-5.169584274291992,0.41161346435546875,-5.421060562133789,-0.02925395965576172,-5.851062297821045,0.2897524833679199
24,6,attn,noising,0.8370070457458496,0.9394453763961792,0.9694125056266785,0.949693500995636,0.858661949634552,-0.7416175603866577,0.96875,-0.8920749425888062,0.734375,-1.0655810832977295,0.6640625,-1.1512010097503662,0.625,-0.7357075214385986,0.84375,-6.156491279602051,5.264416337013245,-6.070469379425049,5.004888296127319,-5.358551502227783,4.207350492477417,-5.803155422210693,5.067447900772095,-4.314521789550781,3.5729042291641235,-3.1578123569488525,2.2657374143600464,-3.4828858375549316,2.417304754257202,-3.0750303268432617,1.9238293170928955
25,6,attn,denoising,0.8336263298988342,0.9403851628303528,0.9656025767326355,0.9446306228637695,0.8947248458862305,-4.691779136657715,0.0625,-4.764597415924072,0.1171875,-5.466346740722656,0.0390625,-5.564068794250488,0.078125,-6.189248085021973,0.0859375,-5.904958724975586,1.1403613090515137,-5.666165351867676,0.19981861114501953,-5.057857036590576,-0.5062117576599121,-6.020150184631348,-0.169097900390625,-4.750943183898926,0.05916404724121094,-5.18182373046875,0.41722631454467773,-5.4219841957092285,-0.044362545013427734,-5.840178489685059,0.2761096954345703
26,6,mlp,noising,0.8371896147727966,0.9393129348754883,0.969170868396759,0.9497469663619995,0.8587518930435181,-0.7405429482460022,0.96875,-0.901699960231781,0.7265625,-1.082104206085205,0.65625,-1.1565475463867188,0.6171875,-0.7412096858024597,0.84375,-6.145437717437744,5.243737757205963,-6.0869975090026855,5.0048933029174805,-5.350681304931641,4.194133758544922,-5.800387382507324,5.0591776967048645,-4.313357353210449,3.572814404964447,-3.144232749938965,2.242532789707184,-3.476083278656006,2.393979072570801,-3.06254506111145,1.9059975147247314
27,6,mlp,denoising,0.8329271674156189,0.9399781823158264,0.966102123260498,0.9441019296646118,0.8949213027954102,-4.691692352294922,0.0625,-4.757047653198242,0.1171875,-5.4733567237854,0.046875,-5.550825119018555,0.0703125,-6.189299583435059,0.0859375,-5.895051956176758,1.1380043029785156,-5.658202648162842,0.1848459243774414,-5.043378829956055,-0.5074462890625,-6.024028778076172,-0.16527080535888672,-4.745594024658203,0.05390167236328125,-5.172622203826904,0.4155745506286621,-5.429673194885254,-0.043683528900146484,-5.825744152069092,0.2749190330505371
28,7,attn,noising,0.8371937274932861,0.9395033121109009,0.9691647291183472,0.9494976997375488,0.8585120439529419,-0.7418419122695923,0.96875,-0.8936840295791626,0.75,-1.0631533861160278,0.6640625,-1.159385323524475,0.6171875,-0.7367483377456665,0.84375,-6.15627908706665,5.262595057487488,-6.068584442138672,5.005431056022644,-5.3561859130859375,4.196800589561462,-5.808468818664551,5.071720480918884,-4.314526557922363,3.572684645652771,-3.1557371616363525,2.26205313205719,-3.4937691688537598,2.430615782737732,-3.0667362213134766,1.9073508977890015
29,7,attn,denoising,0.8336396813392639,0.9401925802230835,0.9655381441116333,0.9446555376052856,0.895060658454895,-4.695680141448975,0.0625,-4.753446102142334,0.1171875,-5.469696998596191,0.0390625,-5.550198078155518,0.0703125,-6.179866790771484,0.0859375,-5.900496006011963,1.147049903869629,-5.663232803344727,0.19353580474853516,-5.046449661254883,-0.5037484169006348,-6.015573501586914,-0.1642932891845703,-4.75307559967041,0.05739545822143555,-5.172820091247559,0.4193739891052246,-5.411920547485352,-0.057776451110839844,-5.834321022033691,0.28412294387817383
30,7,mlp,noising,0.8369089365005493,0.9388387203216553,0.9689988493919373,0.9497038125991821,0.8585896492004395,-0.7431286573410034,0.9609375,-0.8961739540100098,0.75,-1.06742525100708,0.6484375,-1.1553089618682861,0.6171875,-0.7337371110916138,0.8515625,-6.155591011047363,5.2594170570373535,-6.067934036254883,5.000508785247803,-5.370272636413574,4.214963674545288,-5.775397300720215,5.041660189628601,-4.308790683746338,3.5656620264053345,-3.1518805027008057,2.255706548690796,-3.4727206230163574,2.4052953720092773,-3.0663702487945557,1.9110612869262695
31,7,mlp,denoising,0.8340479135513306,0.9401724338531494,0.9661124348640442,0.9442736506462097,0.8934831619262695,-4.688202857971191,0.0625,-4.752532958984375,0.1171875,-5.452548980712891,0.0390625,-5.570926189422607,0.0625,-6.191414833068848,0.0859375,-5.893732070922852,1.1411991119384766,-5.646764755249023,0.1942157745361328,-5.048754692077637,-0.5221714973449707,-6.042784690856934,-0.14863014221191406,-4.756250858306885,0.06804800033569336,-5.175100326538086,0.42256736755371094,-5.41522216796875,-0.037326812744140625,-5.849750518798828,0.2788243293762207
32,8,attn,noising,0.8370758891105652,0.9393194317817688,0.9692978858947754,0.9493548274040222,0.8575729131698608,-0.742106556892395,0.96875,-0.895201563835144,0.7421875,-1.0668671131134033,0.6640625,-1.1557791233062744,0.625,-0.7437257766723633,0.84375,-6.156716346740723,5.261514782905579,-6.084103107452393,5.017235994338989,-5.358694553375244,4.20291543006897,-5.802880764007568,5.059154987335205,-4.312117099761963,3.570010542869568,-3.1589341163635254,2.2637325525283813,-3.4874091148376465,2.420542001724243,-3.0742955207824707,1.9185163974761963
33,8,attn,denoising,0.8330986499786377,0.940342903137207,0.9656574726104736,0.9444526433944702,0.8953796029090881,-4.689985275268555,0.0625,-4.7624030113220215,0.125,-5.46497106552124,0.0390625,-5.558195114135742,0.0703125,-6.182232856750488,0.0859375,-5.90385627746582,1.1414532661437988,-5.659846782684326,0.19487571716308594,-5.054392337799072,-0.5038027763366699,-6.021522521972656,-0.16071033477783203,-4.748095512390137,0.05811023712158203,-5.176671981811523,0.41426897048950195,-5.420164108276367,-0.04480695724487305,-5.838513374328613,0.2803182601928711
34,8,mlp,noising,0.8373680114746094,0.9388557076454163,0.9699687361717224,0.9496371150016785,0.85793536901474,-0.740452766418457,0.96875,-0.8945092558860779,0.734375,-1.074597716331482,0.671875,-1.171873688697815,0.6015625,-0.7389541268348694,0.84375,-6.140524864196777,5.2460156083106995,-6.056811332702637,4.982213616371155,-5.356270790100098,4.184397101402283,-5.807727813720703,5.068773686885834,-4.312129974365234,3.5716772079467773,-3.1517655849456787,2.257256329059601,-3.4795641899108887,2.4049664735794067,-3.0667128562927246,1.8948391675949097
35,8,mlp,denoising,0.8319603204727173,0.9404550194740295,0.9649307727813721,0.9446862936019897,0.8960079550743103,-4.697568893432617,0.0625,-4.767112731933594,0.1171875,-5.456089973449707,0.0390625,-5.55994987487793,0.0703125,-6.177880764007568,0.0859375,-5.915189743041992,1.1480770111083984,-5.682902812957764,0.22681283950805664,-5.052153587341309,-0.5077962875366211,-6.018120765686035,-0.1597599983215332,-4.753843307495117,0.0562744140625,-5.186160087585449,0.41904735565185547,-5.428926467895508,-0.02716350555419922,-5.85072135925293,0.290771484375
36,9,attn,noising,0.8375887274742126,0.939376950263977,0.9694186449050903,0.9496197700500488,0.8588345050811768,-0.740300178527832,0.96875,-0.8936878442764282,0.7421875,-1.0681169033050537,0.65625,-1.1550297737121582,0.6171875,-0.7373902797698975,0.859375,-6.159281253814697,5.265593409538269,-6.084480285644531,5.0163633823394775,-5.358947277069092,4.203917503356934,-5.8078203201293945,5.070430040359497,-4.318760871887207,3.578460693359375,-3.1542534828186035,2.2605656385421753,-3.4946861267089844,2.4265692234039307,-3.0704450607299805,1.9154152870178223
37,9,attn,denoising,0.8332537412643433,0.9403469562530518,0.9655263423919678,0.9442750811576843,0.8949559330940247,-4.6956562995910645,0.0625,-4.763673782348633,0.125,-5.4777984619140625,0.0390625,-5.559003829956055,0.0625,-6.184961318969727,0.0859375,-5.9001007080078125,1.1364269256591797,-5.664323806762695,0.1865253448486328,-5.055544376373291,-0.5034594535827637,-6.019819259643555,-0.16514205932617188,-4.750709533691406,0.0550532341003418,-5.180787086486816,0.4171133041381836,-5.426323413848877,-0.05147504806518555,-5.841553688049316,0.2825498580932617
38,9,mlp,noising,0.8366235494613647,0.9391841888427734,0.9697905778884888,0.9498785734176636,0.8579771518707275,-0.741378903388977,0.96875,-0.8966792821884155,0.7265625,-1.075819969177246,0.671875,-1.1531081199645996,0.625,-0.7371993064880371,0.8515625,-6.152674674987793,5.255995392799377,-6.073243141174316,4.99742317199707,-5.346970558166504,4.193862438201904,-5.796586036682129,5.059386730194092,-4.315147399902344,3.5737684965133667,-3.149445056915283,2.2527657747268677,-3.48657488822937,2.410754919052124,-3.065110206604004,1.9120020866394043
39,9,mlp,denoising,0.8337224721908569,0.9404379725456238,0.9654767513275146,0.9439531564712524,0.8950905799865723,-4.691688537597656,0.0625,-4.757805824279785,0.125,-5.468189239501953,0.0390625,-5.548163414001465,0.0703125,-6.1885809898376465,0.0859375,-5.896978378295898,1.1391725540161133,-5.675780773162842,0.20759153366088867,-5.047688007354736,-0.5004754066467285,-6.0447916984558105,-0.14378929138183594,-4.751944065093994,0.06025552749633789,-5.17209529876709,0.4142894744873047,-5.428299427032471,-0.03988981246948242,-5.826661109924316,0.27849769592285156
40,10,attn,noising,0.8377236127853394,0.9391016960144043,0.9691205024719238,0.9491571187973022,0.8566727638244629,-0.7405123710632324,0.96875,-0.8930385112762451,0.7265625,-1.063752293586731,0.671875,-1.1569042205810547,0.6171875,-0.7438769340515137,0.828125,-6.151098251342773,5.258059740066528,-6.056878089904785,4.993125796318054,-5.36262321472168,4.205718994140625,-5.8031907081604,5.059313774108887,-4.312798976898193,3.572286605834961,-3.1582653522491455,2.2652268409729004,-3.478081703186035,2.414329409599304,-3.0852787494659424,1.9283745288848877
41,10,attn,denoising,0.8328448534011841,0.9406495094299316,0.9656609296798706,0.9450607299804688,0.8943005800247192,-4.69382381439209,0.0625,-4.762306213378906,0.1171875,-5.462541580200195,0.0390625,-5.56153678894043,0.0703125,-6.1568603515625,0.0859375,-5.905026912689209,1.1427206993103027,-5.66896915435791,0.20642757415771484,-5.046751022338867,-0.5147857666015625,-6.009921073913574,-0.14693927764892578,-4.749228477478027,0.0554046630859375,-5.17210054397583,0.40979433059692383,-5.426429748535156,-0.03611183166503906,-5.827537536621094,0.26600074768066406
42,10,mlp,noising,0.8378990292549133,0.9387229681015015,0.9689642786979675,0.9499938488006592,0.8587762117385864,-0.7388113141059875,0.96875,-0.8972220420837402,0.734375,-1.0706168413162231,0.6484375,-1.1621544361114502,0.625,-0.7365114688873291,0.84375,-6.148313999176025,5.251091957092285,-6.047157287597656,4.976540446281433,-5.340482711791992,4.178328275680542,-5.788179397583008,5.051667928695679,-4.317089080810547,3.5782777667045593,-3.1581451892852783,2.260923147201538,-3.4703800678253174,2.3997632265090942,-3.077054977416992,1.914900541305542
43,10,mlp,denoising,0.8329678773880005,0.9401109218597412,0.9659632444381714,0.9447262287139893,0.8957290649414062,-4.697331428527832,0.0625,-4.759610652923584,0.1171875,-5.449946880340576,0.0390625,-5.558316230773926,0.0703125,-6.183837890625,0.0859375,-5.905861854553223,1.1462512016296387,-5.663817405700684,0.21387052536010742,-5.0456862449646,-0.5126299858093262,-6.03432559967041,-0.14951229095458984,-4.751416206359863,0.05408477783203125,-5.1750593185424805,0.4154486656188965,-5.413058280944824,-0.03688859939575195,-5.830646991729736,0.27233076095581055
44,11,attn,noising,0.8367223739624023,0.9392051696777344,0.9691935777664185,0.9494308233261108,0.8577817678451538,-0.7413674592971802,0.96875,-0.894095778465271,0.734375,-1.0687919855117798,0.65625,-1.153775691986084,0.6171875,-0.7370772361755371,0.8359375,-6.1490349769592285,5.2549391984939575,-6.075419902801514,5.006627917289734,-5.364832878112793,4.211057186126709,-5.799374580383301,5.062297344207764,-4.3194475173950195,3.5780800580978394,-3.151092767715454,2.256996989250183,-3.476776599884033,2.4079846143722534,-3.0716090202331543,1.9178333282470703
45,11,attn,denoising,0.8338741064071655,0.9400890469551086,0.96577388048172,0.9446519017219543,0.8949649333953857,-4.696073532104492,0.0625,-4.757027626037598,0.125,-5.460612773895264,0.0390625,-5.5565924644470215,0.0703125,-6.181096076965332,0.0859375,-5.896678924560547,1.1396512985229492,-5.654118061065674,0.19350528717041016,-5.038277626037598,-0.5183148384094238,-6.020479679107666,-0.16061639785766602,-4.749367713928223,0.05329418182373047,-5.170525550842285,0.4134979248046875,-5.418719291687012,-0.04189348220825195,-5.831066131591797,0.2744736671447754
46,11,mlp,noising,0.8370916843414307,0.9393689632415771,0.9697263240814209,0.9494102001190186,0.8574126958847046,-0.741278886795044,0.9609375,-0.8996573090553284,0.7265625,-1.0749613046646118,0.65625,-1.156710147857666,0.6171875,-0.7491797804832458,0.828125,-6.091785430908203,5.192128121852875,-6.04116153717041,4.966200232505798,-5.331794738769531,4.175084590911865,-5.773160934448242,5.023981153964996,-4.321382999420166,3.580104112625122,-3.151754379272461,2.2520970702171326,-3.485621452331543,2.410660147666931,-3.066868543624878,1.910158395767212
47,11,mlp,denoising,0.8330020904541016,0.9392117261886597,0.966109573841095,0.944602370262146,0.8951492309570312,-4.683478355407715,0.0625,-4.741654872894287,0.1171875,-5.454317092895508,0.0390625,-5.545872688293457,0.0703125,-6.152151107788086,0.0859375,-5.951656818389893,1.2100019454956055,-5.708972454071045,0.2546553611755371,-5.06167459487915,-0.48419809341430664,-6.0402421951293945,-0.1119089126586914,-4.741158485412598,0.05768013000488281,-5.156476020812988,0.41482114791870117,-5.420616149902344,-0.03370094299316406,-5.831356525421143,0.28548383712768555
48,12,attn,noising,0.8369730114936829,0.9390383362770081,0.9697251319885254,0.9493932127952576,0.8583793640136719,-0.7419007420539856,0.96875,-0.8944792747497559,0.7265625,-1.0685338973999023,0.6640625,-1.1528711318969727,0.609375,-0.7332168221473694,0.8359375,-6.117471218109131,5.222991943359375,-6.053285598754883,4.9847517013549805,-5.352151393890381,4.199280261993408,-5.78665828704834,5.0534414649009705,-4.3084588050842285,3.566558063030243,-3.1545567512512207,2.260077476501465,-3.4841647148132324,2.41563081741333,-3.0523853302001953,1.8995141983032227
49,12,attn,denoising,0.8329466581344604,0.9403655529022217,0.9653038382530212,0.9451494216918945,0.8943707942962646,-4.6797332763671875,0.0625,-4.755512237548828,0.125,-5.460090637207031,0.0390625,-5.573148727416992,0.0703125,-6.190188407897949,0.0859375,-5.936223983764648,1.1807117462158203,-5.677976608276367,0.21788597106933594,-5.052425861358643,-0.5207228660583496,-6.041388511657715,-0.14879989624023438,-4.743198871612549,0.06346559524536133,-5.176131248474121,0.42061901092529297,-5.436623573303223,-0.023467063903808594,-5.855234146118164,0.2820854187011719
50,12,mlp,noising,0.8372436761856079,0.9393397569656372,0.9696110486984253,0.9498797655105591,0.8595082759857178,-0.7426599264144897,0.96875,-0.9022334218025208,0.7265625,-1.0676181316375732,0.671875,-1.1494641304016113,0.625,-0.7301560044288635,0.84375,-6.16025972366333,5.258026301860809,-6.051339149475098,4.983721017837524,-5.315996170043945,4.166532039642334,-5.781637668609619,5.051481664180756,-4.315957069396973,3.573297142982483,-3.156848430633545,2.254615008831024,-3.48272705078125,2.4151089191436768,-3.063014507293701,1.9135503768920898
51,12,mlp,denoising,0.8332637548446655,0.9402288198471069,0.9658538103103638,0.9441896080970764,0.8937011957168579,-4.68974494934082,0.0625,-4.761600494384766,0.1171875,-5.460522651672363,0.0390625,-5.568307399749756,0.0703125,-6.178995132446289,0.0859375,-5.920845031738281,1.1592445373535156,-5.6918487548828125,0.23132610321044922,-5.0819244384765625,-0.48638296127319336,-6.029935836791992,-0.14905929565429688,-4.747291088104248,0.057546138763427734,-5.184451580047607,0.4228510856628418,-5.419129371643066,-0.041393280029296875,-5.8323259353637695,0.26401853561401367
52,13,attn,noising,0.8402019739151001,0.9376364946365356,0.9691811203956604,0.9500851631164551,0.8579303622245789,-0.7531450986862183,0.9609375,-0.9098926782608032,0.71875,-1.0701714754104614,0.671875,-1.156012773513794,0.625,-0.743716835975647,0.8359375,-6.3782501220703125,5.468357443809509,-6.088104248046875,5.017932772636414,-5.370660305023193,4.214647531509399,-5.812816619873047,5.0690997838974,-4.294677734375,3.5415326356887817,-3.182539224624634,2.2726465463638306,-3.490854024887085,2.4206825494766235,-3.077291965484619,1.9212791919708252
53,13,attn,denoising,0.8396042585372925,0.9413291215896606,0.9665209650993347,0.9438088536262512,0.8944900631904602,-4.501814365386963,0.0625,-4.722115516662598,0.1171875,-5.432537078857422,0.0390625,-5.537840843200684,0.0703125,-6.176028251647949,0.09375,-5.662030220031738,0.9399147033691406,-5.624453544616699,0.19191646575927734,-5.011380672454834,-0.5264601707458496,-5.996757507324219,-0.17927074432373047,-4.67394495010376,0.17213058471679688,-5.133508682250977,0.4113931655883789,-5.3939104080200195,-0.038626670837402344,-5.816105365753174,0.27826452255249023
54,13,mlp,noising,0.8373726010322571,0.9394470453262329,0.9690561890602112,0.9488281011581421,0.8552570343017578,-0.7406789660453796,0.96875,-0.8915692567825317,0.7265625,-1.0663182735443115,0.671875,-1.1591367721557617,0.6171875,-0.7442229390144348,0.828125,-6.132259845733643,5.240690588951111,-6.048527717590332,4.9822094440460205,-5.346417427062988,4.187280654907227,-5.771661758422852,5.027438819408417,-4.311660289764404,3.5709813237190247,-3.156175374984741,2.2646061182022095,-3.4871654510498047,2.420847177505493,-3.0555508136749268,1.896414041519165
55,13,mlp,denoising,0.833997905254364,0.9403531551361084,0.9664288759231567,0.9439585208892822,0.8944717049598694,-4.695649147033691,0.0625,-4.749440670013428,0.1171875,-5.463080883026123,0.0390625,-5.525189399719238,0.0703125,-6.165524482727051,0.0859375,-5.909826755523682,1.160386085510254,-5.696376800537109,0.23329591751098633,-5.054714202880859,-0.4704751968383789,-6.029716491699219,-0.13580799102783203,-4.754066467285156,0.058417320251464844,-5.164581298828125,0.41514062881469727,-5.4207377433776855,-0.0423431396484375,-5.844793796539307,0.31960439682006836
56,14,attn,noising,0.8366754055023193,0.940272331237793,0.968998908996582,0.9490792751312256,0.8554778099060059,-0.7467350363731384,0.96875,-0.8994585275650024,0.75,-1.0663394927978516,0.671875,-1.1649473905563354,0.6171875,-0.7766110301017761,0.8125,-6.089081764221191,5.189623236656189,-6.061990737915039,4.9956512451171875,-5.353044509887695,4.18809711933136,-5.804698467254639,5.0280874371528625,-4.303317070007324,3.556582033634186,-3.16206955909729,2.2626110315322876,-3.5139527320861816,2.44761323928833,-3.1651172637939453,2.00016987323761
57,14,attn,denoising,0.830717921257019,0.9412012696266174,0.9675014019012451,0.9435665607452393,0.893713653087616,-4.655498504638672,0.0625,-4.690639972686768,0.1171875,-5.318976879119873,0.0546875,-5.378540992736816,0.078125,-5.946913719177246,0.09375,-5.935534477233887,1.2448945045471191,-5.55726432800293,0.23828744888305664,-4.909393787384033,-0.4691472053527832,-5.884430408477783,-0.06248331069946289,-4.734417915344238,0.0789194107055664,-5.117654323577881,0.4270143508911133,-5.265825271606445,-0.053151607513427734,-5.5831780433654785,0.2046370506286621
58,14,mlp,noising,0.8369626998901367,0.9390259385108948,0.9696287512779236,0.9495317935943604,0.8577733039855957,-0.7405534386634827,0.96875,-0.889510989189148,0.75,-1.0676270723342896,0.6640625,-1.1615123748779297,0.609375,-0.735327422618866,0.8515625,-6.106812477111816,5.2173014879226685,-6.021468639373779,4.95384156703949,-5.344911575317383,4.183399200439453,-5.802396774291992,5.067069351673126,-4.318493366241455,3.5779399275779724,-3.149134635925293,2.259623646736145,-3.4645352363586426,2.396908164024353,-3.05587100982666,1.8943586349487305
59,14,mlp,denoising,0.8331959247589111,0.9398871660232544,0.964751660823822,0.9440267086029053,0.8946506977081299,-4.6957831382751465,0.0625,-4.75687837600708,0.1171875,-5.481266975402832,0.0390625,-5.549250602722168,0.0703125,-6.178367614746094,0.0859375,-5.9274749755859375,1.1705965995788574,-5.704275131225586,0.2230081558227539,-5.048319339752197,-0.5009312629699707,-6.018664360046387,-0.15970325469970703,-4.747067451477051,0.0512843132019043,-5.164891242980957,0.40801286697387695,-5.4416913986206055,-0.03957557678222656,-5.850641250610352,0.3013906478881836
60,15,attn,noising,0.8371919393539429,0.9393953084945679,0.9693434238433838,0.9495441317558289,0.8588043451309204,-0.740662157535553,0.96875,-0.8932148218154907,0.7265625,-1.0718735456466675,0.671875,-1.1516199111938477,0.625,-0.7322586178779602,0.8515625,-6.074319839477539,5.181105017662048,-6.033041000366211,4.9611674547195435,-5.331711292266846,4.180091381072998,-5.770285606384277,5.038026988506317,-4.304708003997803,3.5640458464622498,-3.1458792686462402,2.2526644468307495,-3.487577438354492,2.4157038927078247,-3.0645241737365723,1.9129042625427246
61,15,attn,denoising,0.8325073719024658,0.9404864311218262,0.9652868509292603,0.9449601173400879,0.8945211172103882,-4.688394546508789,0.0546875,-4.755640029907227,0.1171875,-5.461215019226074,0.0390625,-5.568380355834961,0.0703125,-6.182473182678223,0.0859375,-5.975740432739258,1.2201004028320312,-5.711165428161621,0.24995040893554688,-5.07785701751709,-0.4905233383178711,-6.0565948486328125,-0.12587833404541016,-4.7525129318237305,0.0641183853149414,-5.170334815979004,0.41469478607177734,-5.422749042510986,-0.03846597671508789,-5.849837303161621,0.28145694732666016
62,15,mlp,noising,0.8375874757766724,0.939651370048523,0.9692844152450562,0.9490482211112976,0.8578482270240784,-0.7377766370773315,0.96875,-0.9019147753715515,0.71875,-1.0775563716888428,0.65625,-1.156139612197876,0.6171875,-0.7476612329483032,0.8359375,-6.124213218688965,5.222298443317413,-6.101321697235107,5.023765325546265,-5.334497928619385,4.178358316421509,-5.7739152908325195,5.026254057884216,-4.321798324584961,3.5840216875076294,-3.142566204071045,2.2406514286994934,-3.4935173988342285,2.4159610271453857,-3.0841431617736816,1.9280035495758057
63,15,mlp,denoising,0.8324856758117676,0.9401254057884216,0.9672458171844482,0.9454888105392456,0.8947389721870422,-4.695084095001221,0.0625,-4.739309310913086,0.125,-5.4540205001831055,0.0390625,-5.555066108703613,0.0703125,-6.135955333709717,0.0859375,-5.907824993133545,1.168515682220459,-5.662391662597656,0.20837116241455078,-5.071402549743652,-0.48366355895996094,-6.021778106689453,-0.11417722702026367,-4.741689205169678,0.04660511016845703,-5.163241386413574,0.4239320755004883,-5.421051025390625,-0.03296947479248047,-5.828437328338623,0.27337121963500977
64,16,attn,noising,0.8415945768356323,0.9390180110931396,0.9696182012557983,0.9499478340148926,0.857935905456543,-0.76134192943573,0.9609375,-0.8993279337882996,0.7109375,-1.0706031322479248,0.6640625,-1.1566505432128906,0.6171875,-0.7377819418907166,0.84375,-6.517409324645996,5.6180813908576965,-6.102990627288818,5.0323874950408936,-5.385673522949219,4.229022979736328,-5.7999725341796875,5.062190592288971,-4.2731523513793945,3.5118104219436646,-3.1897237300872803,2.2903957962989807,-3.4784719944000244,2.4078688621520996,-3.0770480632781982,1.9203975200653076
65,16,attn,denoising,0.8401905298233032,0.9406144618988037,0.9658623933792114,0.9437097311019897,0.8942242860794067,-4.38831090927124,0.0625,-4.703756332397461,0.125,-5.410674095153809,0.0390625,-5.541116714477539,0.0625,-6.186627388000488,0.0859375,-5.5187811851501465,0.8150248527526855,-5.60257625579834,0.19190216064453125,-4.998638153076172,-0.5424785614013672,-6.011669158935547,-0.1749582290649414,-4.655458450317383,0.2671475410461426,-5.108936786651611,0.4051804542541504,-5.366890907287598,-0.04378318786621094,-5.820788383483887,0.27967166900634766
66,16,mlp,noising,0.8374011516571045,0.939516544342041,0.9695516228675842,0.9497607946395874,0.8574274778366089,-0.7399541735649109,0.9609375,-0.9007992744445801,0.7265625,-1.0598292350769043,0.640625,-1.1766207218170166,0.625,-0.741896390914917,0.8359375,-6.134523391723633,5.233724117279053,-6.006143093109131,4.946313858032227,-5.309017181396484,4.132396459579468,-5.762800216674805,5.020903825759888,-4.310495376586914,3.570541203022003,-3.1503512859344482,2.249552011489868,-3.4718544483184814,2.412025213241577,-3.052760124206543,1.8761394023895264
67,16,mlp,denoising,0.8323039412498474,0.941533625125885,0.9672456979751587,0.9440281391143799,0.8932382464408875,-4.694992542266846,0.0625,-4.754874229431152,0.1171875,-5.450345039367676,0.0390625,-5.540550231933594,0.0703125,-6.148043632507324,0.0859375,-5.91688346862793,1.1620092391967773,-5.714537620544434,0.2641925811767578,-5.054349422454834,-0.48620080947875977,-6.034005165100098,-0.11403846740722656,-4.755214214324951,0.06022167205810547,-5.171041011810303,0.4161667823791504,-5.41141414642334,-0.03893089294433594,-5.829565048217773,0.2890148162841797
68,17,attn,noising,0.8385930061340332,0.9394025206565857,0.9697101712226868,0.9498654007911682,0.857560396194458,-0.7508530616760254,0.953125,-0.9127645492553711,0.734375,-1.086645483970642,0.65625,-1.1492723226547241,0.6171875,-0.7377389669418335,0.8359375,-6.258796691894531,5.34603214263916,-6.119052886962891,5.0324074029922485,-5.379798889160156,4.230526566505432,-5.798464775085449,5.060725808143616,-4.300650596618652,3.549797534942627,-3.1654915809631348,2.2527270317077637,-3.4858484268188477,2.3992029428482056,-3.079970359802246,1.930698037147522
69,17,attn,denoising,0.8326927423477173,0.9421360492706299,0.9659748077392578,0.9445399641990662,0.8951689004898071,-4.574861526489258,0.0625,-4.7041015625,0.1171875,-5.388551712036133,0.0390625,-5.53840970993042,0.0703125,-6.159241199493408,0.09375,-5.7718706130981445,1.0677690505981445,-5.579372406005859,0.19082069396972656,-4.999469757080078,-0.5389399528503418,-6.005433082580566,-0.1538081169128418,-4.699982643127441,0.1251211166381836,-5.130533218383789,0.42643165588378906,-5.364102363586426,-0.02444934844970703,-5.807154655456543,0.26874494552612305
70,17,mlp,noising,0.8371952176094055,0.9399629235267639,0.9689242839813232,0.9498986005783081,0.8586578965187073,-0.7427224516868591,0.96875,-0.8925960063934326,0.7421875,-1.0738251209259033,0.6484375,-1.1677978038787842,0.625,-0.7364106774330139,0.84375,-6.130610466003418,5.238014459609985,-6.0406928062438965,4.966867685317993,-5.3264312744140625,4.158633470535278,-5.809561729431152,5.073151051998138,-4.298957824707031,3.556235373020172,-3.1516990661621094,2.2591030597686768,-3.475508689880371,2.4016835689544678,-3.0654501914978027,1.8976523876190186
71,17,mlp,denoising,0.8321298956871033,0.9398210048675537,0.9661733508110046,0.9441400170326233,0.8952756524085999,-4.673910617828369,0.0625,-4.750243186950684,0.1171875,-5.438778877258301,0.0390625,-5.5223069190979,0.0703125,-6.1554083824157715,0.0859375,-5.926603317260742,1.1763601303100586,-5.698739528656006,0.2599606513977051,-5.0590057373046875,-0.4633011817932129,-6.007769584655762,-0.14763879776000977,-4.7281270027160645,0.05421638488769531,-5.166281700134277,0.41603851318359375,-5.415541648864746,-0.023237228393554688,-5.826072692871094,0.30376577377319336
72,18,attn,noising,0.8357996940612793,0.9392956495285034,0.9710009694099426,0.9505178332328796,0.8574895858764648,-0.7588393688201904,0.96875,-0.9220938682556152,0.7421875,-1.098407506942749,0.65625,-1.1650375127792358,0.625,-0.7510082125663757,0.828125,-6.290458679199219,5.3683648109436035,-6.159848690032959,5.06144118309021,-5.409470558166504,4.244433045387268,-5.817829132080078,5.066820919513702,-4.3069000244140625,3.548060655593872,-3.1592042446136475,2.2371103763580322,-3.479867458343506,2.381459951400757,-3.0844836235046387,1.9194461107254028
73,18,attn,denoising,0.8339223265647888,0.941124677658081,0.9666041135787964,0.9455000162124634,0.8954887986183167,-4.554103851318359,0.0625,-4.641994953155518,0.125,-5.360470294952393,0.046875,-5.51729679107666,0.078125,-6.154417514801025,0.09375,-5.709920406341553,1.0679254531860352,-5.525913238525391,0.16544294357299805,-4.969927787780762,-0.5473690032958984,-5.994316101074219,-0.16010141372680664,-4.684311389923096,0.13020753860473633,-5.069624900817871,0.4276299476623535,-5.361513137817383,0.0010428428649902344,-5.789507865905762,0.27221107482910156
74,18,mlp,noising,0.8375025987625122,0.9397090673446655,0.9699060916900635,0.9495460987091064,0.8567293882369995,-0.7428929805755615,0.96875,-0.8953165411949158,0.75,-1.0660672187805176,0.671875,-1.161062479019165,0.6171875,-0.740998387336731,0.8359375,-6.136283874511719,5.240967333316803,-6.045197486877441,4.979130268096924,-5.347932815551758,4.186870336532593,-5.780702590942383,5.039704203605652,-4.3119425773620605,3.569049596786499,-3.149674654006958,2.2543581128120422,-3.4830048084259033,2.4169375896453857,-3.063417434692383,1.9023549556732178
75,18,mlp,denoising,0.8341935873031616,0.9402201175689697,0.9659823775291443,0.944998025894165,0.8945235013961792,-4.672886371612549,0.0625,-4.73685359954834,0.1171875,-5.4549713134765625,0.0390625,-5.540733337402344,0.0625,-6.157474040985107,0.0859375,-5.911478042602539,1.1746244430541992,-5.699431419372559,0.2444601058959961,-5.073293209075928,-0.467440128326416,-6.031689167022705,-0.12578487396240234,-4.741589546203613,0.06870317459106445,-5.1628289222717285,0.42597532272338867,-5.424176216125488,-0.03079509735107422,-5.860825538635254,0.32009220123291016
76,19,attn,noising,0.8379089832305908,0.9393225908279419,0.969923734664917,0.949955403804779,0.8577009439468384,-0.741256833076477,0.96875,-0.8939582705497742,0.7265625,-1.0635440349578857,0.6484375,-1.1547012329101562,0.625,-0.7374753952026367,0.84375,-6.171198844909668,5.277240574359894,-6.0866241455078125,5.023080110549927,-5.364751815795898,4.210050582885742,-5.799802780151367,5.0623273849487305,-4.3164520263671875,3.5751951932907104,-3.157310962677002,2.263352692127228,-3.4860076904296875,2.4224636554718018,-3.073573589324951,1.918872356414795
77,19,attn,denoising,0.8345835208892822,0.9399775266647339,0.9665184617042542,0.9449033737182617,0.8946820497512817,-4.6926589012146,0.0625,-4.754322052001953,0.1171875,-5.4635419845581055,0.0390625,-5.5531206130981445,0.0703125,-6.1711506843566895,0.0859375,-5.883288383483887,1.1289663314819336,-5.652585983276367,0.18904399871826172,-5.040440559387207,-0.5126800537109375,-6.013754844665527,-0.1573958396911621,-4.7532219886779785,0.060563087463378906,-5.169466495513916,0.4151444435119629,-5.418308258056641,-0.045233726501464844,-5.8338303565979,0.28070974349975586
78,19,mlp,noising,0.8394115567207336,0.9389817714691162,0.9694174528121948,0.9492994546890259,0.8581172227859497,-0.7403602600097656,0.96875,-0.892475962638855,0.7265625,-1.079669713973999,0.65625,-1.165861964225769,0.625,-0.7436358332633972,0.8359375,-6.098327159881592,5.205851197242737,-6.009681701660156,4.930011987686157,-5.290806770324707,4.124944806098938,-5.775761127471924,5.032125294208527,-4.295415878295898,3.555055618286133,-3.1387062072753906,2.2462302446365356,-3.4567511081695557,2.3770813941955566,-3.0549981594085693,1.8891361951828003
79,19,mlp,denoising,0.8335729837417603,0.9399141669273376,0.9652073979377747,0.9445195198059082,0.8929620981216431,-4.625751495361328,0.0625,-4.706745147705078,0.1171875,-5.40293025970459,0.0390625,-5.497889995574951,0.078125,-6.131587982177734,0.0859375,-5.938573837280273,1.2318286895751953,-5.67879056930542,0.2758603096008301,-5.076838493347168,-0.4210515022277832,-6.011628150939941,-0.11995983123779297,-4.734157562255859,0.10840606689453125,-5.154366493225098,0.44762134552001953,-5.3843183517456055,-0.018611907958984375,-5.819784641265869,0.32189464569091797
80,20,attn,noising,0.8367118835449219,0.9402474164962769,0.969646155834198,0.9492416381835938,0.8547911643981934,-0.7415076494216919,0.96875,-0.8861846327781677,0.7421875,-1.052872896194458,0.671875,-1.1480798721313477,0.6171875,-0.7597135305404663,0.828125,-6.038202285766602,5.152017652988434,-6.090028285980225,5.037155389785767,-5.373152732849121,4.225072860717773,-5.798525810241699,5.038812279701233,-4.312493324279785,3.5709856748580933,-3.1602940559387207,2.274109423160553,-3.4875645637512207,2.4346916675567627,-3.1207151412963867,1.972635269165039
81,20,attn,denoising,0.8313695192337036,0.9410094022750854,0.9661670923233032,0.9440382122993469,0.8934085369110107,-4.702481269836426,0.0625,-4.676821708679199,0.1171875,-5.346253395080566,0.0390625,-5.425202369689941,0.0703125,-6.010054588317871,0.0859375,-5.942681312561035,1.265859603881836,-5.536764144897461,0.19051074981689453,-4.884583473205566,-0.540618896484375,-5.903232097625732,-0.10682249069213867,-4.755327224731445,0.05284595489501953,-5.104681015014648,0.4278593063354492,-5.2957844734191895,-0.05046892166137695,-5.658453464508057,0.23325109481811523
82,20,mlp,noising,0.8377661108970642,0.9397855997085571,0.9694439172744751,0.9495508074760437,0.8579317331314087,-0.7392273545265198,0.96875,-0.8894603252410889,0.75,-1.0731911659240723,0.6640625,-1.1579904556274414,0.6328125,-0.7330814003944397,0.84375,-6.103053092956543,5.213592767715454,-6.0486979484558105,4.975506782531738,-5.310886859893799,4.152896404266357,-5.775341987609863,5.042260587215424,-4.315434455871582,3.5762071013450623,-3.1227238178253174,2.2332634925842285,-3.4464123249053955,2.3732211589813232,-3.0498313903808594,1.891840934753418
83,20,mlp,denoising,0.8334589004516602,0.941415011882782,0.9665102958679199,0.9446172118186951,0.894841730594635,-4.672815799713135,0.0546875,-4.714987754821777,0.125,-5.426909446716309,0.0390625,-5.535485744476318,0.0625,-6.152590751647949,0.0859375,-5.9097490310668945,1.1947612762451172,-5.672813892364502,0.24590444564819336,-5.061628341674805,-0.47385740280151367,-6.033481597900391,-0.1191091537475586,-4.741938591003418,0.0691227912902832,-5.154327392578125,0.43933963775634766,-5.408825874328613,-0.018083572387695312,-5.804661273956299,0.26917552947998047
84,21,attn,noising,0.8375938534736633,0.9394803047180176,0.9696561098098755,0.9494186043739319,0.8575984239578247,-0.7435243725776672,0.96875,-0.8962849974632263,0.71875,-1.0631259679794312,0.6640625,-1.1611475944519043,0.6015625,-0.7439887523651123,0.828125,-6.157532691955566,5.26124769449234,-6.070273399353027,5.007147431373596,-5.350132942199707,4.188985347747803,-5.80344820022583,5.059459447860718,-4.3145647048950195,3.5710403323173523,-3.15926456451416,2.262979567050934,-3.4921374320983887,2.4290114641189575,-3.0669102668762207,1.9057626724243164
85,21,attn,denoising,0.8319895267486572,0.9401417970657349,0.9658851623535156,0.9442439079284668,0.8946260213851929,-4.6856865882873535,0.0625,-4.75851583480835,0.1171875,-5.463742256164551,0.0390625,-5.54475212097168,0.0703125,-6.166409492492676,0.0859375,-5.9028239250183105,1.144308090209961,-5.661818504333496,0.1980762481689453,-5.051280975341797,-0.4934711456298828,-6.020448684692383,-0.14596080780029297,-4.746318817138672,0.06063222885131836,-5.167749881744385,0.40923404693603516,-5.412579536437988,-0.0511627197265625,-5.839712142944336,0.29496002197265625
86,21,mlp,noising,0.8382425308227539,0.940041184425354,0.9691281318664551,0.9484407901763916,0.8592647314071655,-0.7396005392074585,0.96875,-0.8973299264907837,0.75,-1.085146188735962,0.65625,-1.165327548980713,0.6171875,-0.7398772239685059,0.828125,-6.078804969787598,5.181475043296814,-6.024454116821289,4.939307928085327,-5.310726165771484,4.1453986167907715,-5.778823375701904,5.038946151733398,-4.338207244873047,3.5986067056655884,-3.1423563957214355,2.245026469230652,-3.454334020614624,2.369187831878662,-3.070213556289673,1.90488600730896
87,21,mlp,denoising,0.8349398970603943,0.9400558471679688,0.9661988019943237,0.9439800381660461,0.8945855498313904,-4.680408000946045,0.0625,-4.681393146514893,0.125,-5.353642463684082,0.046875,-5.499823093414307,0.0625,-6.143878936767578,0.0859375,-5.914935111999512,1.2335419654846191,-5.659476280212402,0.3058338165283203,-5.057608127593994,-0.4422149658203125,-6.0228118896484375,-0.12106704711914062,-4.7232561111450195,0.04284811019897461,-5.11917781829834,0.43778467178344727,-5.372126579284668,0.018484115600585938,-5.799437522888184,0.29961442947387695
88,22,attn,noising,0.836584210395813,0.9395108819007874,0.969489336013794,0.9499084949493408,0.8579502701759338,-0.744861364364624,0.96875,-0.8977962136268616,0.734375,-1.0635769367218018,0.65625,-1.1520586013793945,0.625,-0.73923259973526,0.8359375,-6.137198448181152,5.239402234554291,-6.0618486404418945,4.998271703720093,-5.34053897857666,4.188480377197266,-5.789028167724609,5.049795567989349,-4.307629585266113,3.5627682209014893,-3.1560802459716797,2.258284032344818,-3.479252338409424,2.415675401687622,-3.0709245204925537,1.9188659191131592
89,22,attn,denoising,0.8325234651565552,0.9402876496315002,0.965445876121521,0.9444824457168579,0.8940885066986084,-4.680579662322998,0.0625,-4.753977298736572,0.1171875,-5.464116096496582,0.0390625,-5.544971466064453,0.0703125,-6.16888427734375,0.0859375,-5.920597553253174,1.1666202545166016,-5.671530246734619,0.2074141502380371,-5.049877643585205,-0.49509382247924805,-6.023336887359619,-0.14554738998413086,-4.744944095611572,0.06436443328857422,-5.171844005584717,0.41786670684814453,-5.414543628692627,-0.04957246780395508,-5.819009780883789,0.27403831481933594
90,22,mlp,noising,0.8390098810195923,0.9406057596206665,0.9688953757286072,0.9486664533615112,0.8581883311271667,-0.739732027053833,0.9609375,-0.8987692594528198,0.7265625,-1.089684009552002,0.640625,-1.1581236124038696,0.625,-0.7352700233459473,0.84375,-6.106436729431152,5.2076674699783325,-6.019564151763916,4.929880142211914,-5.299419403076172,4.141295790672302,-5.7952680587768555,5.059998035430908,-4.308315277099609,3.5685832500457764,-3.135164737701416,2.236395478248596,-3.446800470352173,2.357116460800171,-3.0357308387756348,1.8776072263717651
91,22,mlp,denoising,0.8374797105789185,0.9406725168228149,0.9659956693649292,0.9435113668441772,0.8926076292991638,-4.659337043762207,0.0625,-4.668995380401611,0.125,-5.330804824829102,0.046875,-5.465091705322266,0.0703125,-6.110420227050781,0.0859375,-5.897345542907715,1.2283501625061035,-5.6422224044799805,0.3114175796508789,-5.044436931610107,-0.4206547737121582,-5.989834785461426,-0.12058544158935547,-4.753074645996094,0.09373760223388672,-5.133947372436523,0.4649519920349121,-5.344369888305664,0.0135650634765625,-5.765890598297119,0.3007988929748535
92,23,attn,noising,0.8374742865562439,0.9396700263023376,0.96990567445755,0.9500345587730408,0.8581621646881104,-0.7423756122589111,0.96875,-0.8935317397117615,0.7265625,-1.064435601234436,0.6640625,-1.158841609954834,0.6171875,-0.7462956309318542,0.8359375,-6.156581878662109,5.263050138950348,-6.074578762054443,5.010143160820007,-5.358243942260742,4.199402332305908,-5.801389694213867,5.055094063282013,-4.311152458190918,3.568776845932007,-3.1553962230682373,2.261864483356476,-3.4923324584960938,2.4278968572616577,-3.083087921142578,1.9242463111877441
93,23,attn,denoising,0.8331835865974426,0.9405332207679749,0.9662207365036011,0.9447923898696899,0.8939727544784546,-4.685737133026123,0.0625,-4.751514434814453,0.1171875,-5.466098785400391,0.0390625,-5.533939361572266,0.0703125,-6.142262935638428,0.0859375,-5.896302223205566,1.1447877883911133,-5.6565632820129395,0.19046449661254883,-5.03244161605835,-0.501497745513916,-5.9946980476379395,-0.14756488800048828,-4.748541355133057,0.0628042221069336,-5.172762870788574,0.4212484359741211,-5.40825891494751,-0.05783987045288086,-5.804693222045898,0.2707538604736328
94,23,mlp,noising,0.836384654045105,0.9391591548919678,0.9692656397819519,0.9495394229888916,0.85768061876297,-0.7402212619781494,0.96875,-0.8913390040397644,0.7421875,-1.0878839492797852,0.671875,-1.1680270433425903,0.6015625,-0.7522894144058228,0.8125,-6.091224670410156,5.199885666370392,-6.051219940185547,4.963335990905762,-5.356121063232422,4.1880940198898315,-5.78989315032959,5.037603735923767,-4.320880889892578,3.5806596279144287,-3.1402366161346436,2.248897612094879,-3.4747533798217773,2.386869430541992,-3.027596950531006,1.8595699071884155
95,23,mlp,denoising,0.8344194889068604,0.939081072807312,0.9654383659362793,0.9433772563934326,0.8949186205863953,-4.715742588043213,0.0546875,-4.693405628204346,0.109375,-5.422082901000977,0.046875,-5.502863883972168,0.0703125,-6.127751350402832,0.0859375,-5.908878326416016,1.21547269821167,-5.654974460601807,0.23289155960083008,-5.029793739318848,-0.4730701446533203,-6.014546871185303,-0.1132044792175293,-4.765203475952148,0.04946088790893555,-5.136390686035156,0.44298505783081055,-5.423525810241699,0.0014429092407226562,-5.84068489074707,0.33782100677490234
96,24,attn,noising,0.8374300003051758,0.939368724822998,0.9691711664199829,0.949623703956604,0.8580780029296875,-0.7414013147354126,0.96875,-0.8902335166931152,0.734375,-1.061237096786499,0.6640625,-1.1602683067321777,0.6015625,-0.7358435392379761,0.8359375,-6.1444411277771,5.254207611083984,-6.051962375640869,4.99072527885437,-5.354888916015625,4.194620609283447,-5.797598361968994,5.061754822731018,-4.315096855163574,3.5736955404281616,-3.157810688018799,2.2675771713256836,-3.476059913635254,2.414822816848755,-3.0705642700195312,1.9102959632873535
97,24,attn,denoising,0.8330205678939819,0.9398275017738342,0.9656215906143188,0.9442343711853027,0.8955079317092896,-4.695068836212158,0.0625,-4.758486747741699,0.125,-5.463079452514648,0.0390625,-5.556625843048096,0.0703125,-6.18239164352417,0.0859375,-5.912437438964844,1.1539506912231445,-5.6797637939453125,0.21668434143066406,-5.063861846923828,-0.4927639961242676,-6.031187057495117,-0.15120458602905273,-4.754876136779785,0.05980730056762695,-5.169734001159668,0.41124725341796875,-5.419087886810303,-0.0439915657043457,-5.834719657897949,0.2780938148498535
98,24,mlp,noising,0.8366379737854004,0.9392726421356201,0.9683717489242554,0.9491287469863892,0.8571497201919556,-0.7458442449569702,0.9609375,-0.89577716588974,0.7421875,-1.0812311172485352,0.6484375,-1.1825098991394043,0.59375,-0.7588616609573364,0.8515625,-6.1056060791015625,5.2098289132118225,-6.06336784362793,4.9821367263793945,-5.365453720092773,4.182943820953369,-5.79910945892334,5.040247797966003,-4.310060501098633,3.5642162561416626,-3.1258187294006348,2.2300415635108948,-3.469229221343994,2.387998104095459,-3.037984848022461,1.8554749488830566
99,24,mlp,denoising,0.832767128944397,0.9416674971580505,0.9648327827453613,0.9431040287017822,0.8944467306137085,-4.698944091796875,0.0625,-4.6879963874816895,0.1171875,-5.3646955490112305,0.046875,-5.465634822845459,0.078125,-6.071993350982666,0.0859375,-5.886631965637207,1.1986355781555176,-5.616894721984863,0.2521991729736328,-5.008333206176758,-0.45730161666870117,-5.947863578796387,-0.1241297721862793,-4.749547481536865,0.050603389739990234,-5.143858432769775,0.45586204528808594,-5.391053199768066,0.026357650756835938,-5.813971519470215,0.34833669662475586
100,25,attn,noising,0.8374816179275513,0.939691960811615,0.9694162011146545,0.9498012065887451,0.8584493398666382,-0.7400611639022827,0.96875,-0.8955845832824707,0.7265625,-1.0655536651611328,0.65625,-1.1513481140136719,0.6328125,-0.7342984676361084,0.84375,-6.157552719116211,5.26196813583374,-6.08823299407959,5.022679328918457,-5.362722396850586,4.211374282836914,-5.811692237854004,5.0773937702178955,-4.31650447845459,3.576443314552307,-3.157224416732788,2.2616398334503174,-3.4781055450439453,2.4125518798828125,-3.0668482780456543,1.9155001640319824
101,25,attn,denoising,0.8327369689941406,0.9408327341079712,0.9659197330474854,0.944807231426239,0.8950678110122681,-4.704873085021973,0.0625,-4.771276950836182,0.125,-5.481560707092285,0.0390625,-5.572797775268555,0.0625,-6.188581466674805,0.0859375,-5.909121513366699,1.1378445625305176,-5.6579999923706055,0.1764392852783203,-5.05446720123291,-0.5183305740356445,-6.008196830749512,-0.18038463592529297,-4.75331449508667,0.048441410064697266,-5.186190128326416,0.4149131774902344,-5.431242942810059,-0.05031776428222656,-5.857082843780518,0.2842850685119629
102,25,mlp,noising,0.8351770639419556,0.9399935603141785,0.9693423509597778,0.9493314027786255,0.8568919897079468,-0.7495402097702026,0.96875,-0.8908354640007019,0.75,-1.0637767314910889,0.671875,-1.1663589477539062,0.609375,-0.7510339021682739,0.84375,-6.13259744644165,5.2417619824409485,-6.077061653137207,5.013284921646118,-5.310445308685303,4.1440863609313965,-5.808840751647949,5.057806849479675,-4.279018402099609,3.5294781923294067,-3.16264009475708,2.271804630756378,-3.455479621887207,2.391702890396118,-3.031263828277588,1.8649048805236816
103,25,mlp,denoising,0.8327329754829407,0.9396011829376221,0.965997040271759,0.9436465501785278,0.8917300701141357,-4.681697845458984,0.0625,-4.7169647216796875,0.109375,-5.419618606567383,0.0390625,-5.461050033569336,0.0703125,-6.066192626953125,0.0859375,-5.892693996429443,1.1757292747497559,-5.614879131317139,0.19526052474975586,-4.987800121307373,-0.4732499122619629,-5.931389331817627,-0.13480329513549805,-4.7464776039123535,0.06477975845336914,-5.139244079589844,0.42227935791015625,-5.3765645027160645,-0.04305410385131836,-5.777772903442383,0.3167228698730469
104,26,attn,noising,0.8373083472251892,0.9394237399101257,0.9693087935447693,0.9496299028396606,0.8581887483596802,-0.7398689389228821,0.96875,-0.8934338092803955,0.7265625,-1.0670466423034668,0.6640625,-1.1584112644195557,0.6171875,-0.7391287088394165,0.84375,-6.145619869232178,5.252186059951782,-6.077371120452881,5.010324478149414,-5.357812881469727,4.199401617050171,-5.806577205657959,5.0674484968185425,-4.3164825439453125,3.5766136050224304,-3.154845714569092,2.2614119052886963,-3.4892992973327637,2.422252655029297,-3.070777416229248,1.9123661518096924
105,26,attn,denoising,0.8330209851264954,0.9403491616249084,0.9658266305923462,0.9447551369667053,0.8947598934173584,-4.704806327819824,0.0625,-4.76636266708374,0.1171875,-5.47023868560791,0.0390625,-5.555488586425781,0.0625,-6.178132057189941,0.0859375,-5.91501522064209,1.1486525535583496,-5.662742614746094,0.1925039291381836,-5.0496368408203125,-0.5058517456054688,-6.013937473297119,-0.16419458389282227,-4.755886554718018,0.05108022689819336,-5.18015193939209,0.4137892723083496,-5.422484397888184,-0.04775428771972656,-5.835807800292969,0.2803192138671875
106,26,mlp,noising,0.8402244448661804,0.9404616951942444,0.9694886207580566,0.9496250152587891,0.8559777736663818,-0.7354564666748047,0.953125,-0.8915613293647766,0.734375,-1.102653980255127,0.640625,-1.1910057067871094,0.609375,-0.7523316144943237,0.8203125,-6.105376243591309,5.213814914226532,-5.973241806030273,4.8705878257751465,-5.31309700012207,4.122091293334961,-5.766009330749512,5.013677716255188,-4.3252458572387695,3.589789390563965,-3.103550434112549,2.211989104747772,-3.438448905944824,2.3357949256896973,-3.0303597450256348,1.8393540382385254
107,26,mlp,denoising,0.8373667001724243,0.9413530230522156,0.9679052829742432,0.9453718066215515,0.8941986560821533,-4.68720006942749,0.0625,-4.677071571350098,0.1171875,-5.295785427093506,0.0390625,-5.441625595092773,0.078125,-6.059516906738281,0.0859375,-5.894619941711426,1.2175483703613281,-5.650233268737793,0.3544478416442871,-5.003124237060547,-0.43850135803222656,-5.979348182678223,-0.0801687240600586,-4.760447978973389,0.07324790954589844,-5.144686698913574,0.46761512756347656,-5.362637519836426,0.06685209274291992,-5.750396728515625,0.30877113342285156
108,27,attn,noising,0.8378597497940063,0.9402605295181274,0.9698399305343628,0.949590802192688,0.8578462600708008,-0.7417202591896057,0.96875,-0.8966132402420044,0.7421875,-1.072812795639038,0.6640625,-1.1559994220733643,0.6171875,-0.7431915998458862,0.84375,-6.063492298126221,5.166879057884216,-6.02153205871582,4.948719263076782,-5.309508800506592,4.1535093784332275,-5.748003959655762,5.0048123598098755,-4.316556930541992,3.5748366713523865,-3.165731906890869,2.2691186666488647,-3.487725019454956,2.414912223815918,-3.078848361968994,1.9228489398956299
109,27,attn,denoising,0.8335959911346436,0.9416341781616211,0.9659013748168945,0.9447113275527954,0.8936367630958557,-4.670386791229248,0.0625,-4.707385063171387,0.1171875,-5.391188144683838,0.0390625,-5.487532138824463,0.078125,-6.067049503326416,0.0859375,-5.966187000274658,1.2588019371032715,-5.660517692565918,0.2693295478820801,-5.044654846191406,-0.44287729263305664,-6.007690906524658,-0.05935859680175781,-4.740453720092773,0.07006692886352539,-5.1441240310668945,0.4367389678955078,-5.358104705810547,-0.033083438873291016,-5.772202014923096,0.2846698760986328
110,27,mlp,noising,0.8356232643127441,0.9397363066673279,0.9699968099594116,0.9490455389022827,0.8575921058654785,-0.7455812096595764,0.96875,-0.9002019762992859,0.75,-1.0891146659851074,0.6796875,-1.1887726783752441,0.6015625,-0.7411783933639526,0.8671875,-6.144583225250244,5.244381248950958,-6.086251258850098,4.99713659286499,-5.355918884277344,4.1671462059021,-5.799478054046631,5.058299660682678,-4.319118499755859,3.573537290096283,-3.1707839965820312,2.2705820202827454,-3.498579502105713,2.4094648361206055,-3.053406238555908,1.864633560180664
111,27,mlp,denoising,0.8249752521514893,0.9393680691719055,0.9668214321136475,0.9434135556221008,0.8924260139465332,-4.716885566711426,0.0546875,-4.7141852378845215,0.1171875,-5.414150238037109,0.046875,-5.498892784118652,0.0625,-6.084075927734375,0.0859375,-5.885939121246338,1.1717538833618164,-5.609545707702637,0.19539546966552734,-5.0040364265441895,-0.4948563575744629,-5.961958885192871,-0.1221170425415039,-4.741269111633301,0.024383544921875,-5.130995750427246,0.4168105125427246,-5.371715068817139,-0.0424351692199707,-5.784584045410156,0.2856912612915039
112,28,attn,noising,0.8413088321685791,0.9407545328140259,0.9700570106506348,0.9503967761993408,0.8578513860702515,-0.7330120801925659,0.96875,-0.8892338275909424,0.75,-1.0598599910736084,0.6796875,-1.1744229793548584,0.625,-0.753696084022522,0.8359375,-6.137202262878418,5.247968435287476,-6.065391540527344,5.005531549453735,-5.34968376159668,4.175260782241821,-5.7979021072387695,5.044206023216248,-4.335824012756348,3.6028119325637817,-3.1703097820281982,2.281075954437256,-3.4935684204101562,2.433708429336548,-3.0931859016418457,1.9187629222869873
113,28,attn,denoising,0.840227484703064,0.9427169561386108,0.9664074182510376,0.9437820315361023,0.8946236371994019,-4.667874336242676,0.0625,-4.702927589416504,0.1171875,-5.368895530700684,0.0546875,-5.413116455078125,0.0625,-6.020966053009033,0.09375,-5.924275875091553,1.2213482856750488,-5.633686065673828,0.26479053497314453,-4.970251083374023,-0.44286537170410156,-5.973695755004883,-0.04727029800415039,-4.753142356872559,0.08526802062988281,-5.142604827880859,0.43967723846435547,-5.330387115478516,-0.03850841522216797,-5.706549644470215,0.29343318939208984
114,28,mlp,noising,0.8395060300827026,0.9406241774559021,0.9711072444915771,0.948489785194397,0.8544809818267822,-0.7339344620704651,0.96875,-0.9032324552536011,0.6953125,-1.0968904495239258,0.671875,-1.19114351272583,0.6171875,-0.7571424245834351,0.84375,-6.094815254211426,5.191582798957825,-6.032947063446045,4.936056613922119,-5.318653106689453,4.127509593963623,-5.759666442871094,5.002524018287659,-4.321707725524902,3.5877732634544373,-3.1258225440979004,2.2225900888442993,-3.403499126434326,2.3066086769104004,-3.017273426055908,1.8261299133300781
115,28,mlp,denoising,0.836460292339325,0.9410775899887085,0.9660338759422302,0.9441837072372437,0.8913973569869995,-4.679253101348877,0.0625,-4.572887420654297,0.1328125,-5.240669250488281,0.0390625,-5.363649845123291,0.0546875,-6.010770797729492,0.0859375,-5.861108779907227,1.2882213592529297,-5.542972087860107,0.30230283737182617,-4.951992034912109,-0.41165781021118164,-5.944450378417969,-0.06632041931152344,-4.756491184234619,0.07723808288574219,-5.075788497924805,0.5029010772705078,-5.310673713684082,0.07000446319580078,-5.7470526695251465,0.38340282440185547
116,29,attn,noising,0.8377302289009094,0.9392679929733276,0.969460129737854,0.9498696327209473,0.8585095405578613,-0.7412353754043579,0.96875,-0.894669771194458,0.7265625,-1.0649220943450928,0.6640625,-1.1588940620422363,0.609375,-0.737435519695282,0.8359375,-6.155417442321777,5.260747671127319,-6.077216625213623,5.01229453086853,-5.361684799194336,4.2027907371521,-5.8024702072143555,5.0650346875190735,-4.313082695007324,3.5718473196029663,-3.157149076461792,2.262479305267334,-3.48673677444458,2.4218146800994873,-3.066725254058838,1.9078311920166016
117,29,attn,denoising,0.8336965441703796,0.9402235746383667,0.965743899345398,0.9445172548294067,0.8947471976280212,-4.67595100402832,0.0625,-4.7595343589782715,0.125,-5.464478969573975,0.0390625,-5.550384521484375,0.0703125,-6.1755452156066895,0.0859375,-5.900251388549805,1.1407170295715332,-5.661158084869385,0.19667911529541016,-5.041080474853516,-0.5093040466308594,-6.018915176391602,-0.1566300392150879,-4.746974468231201,0.07102346420288086,-5.1760711669921875,0.416536808013916,-5.419588088989258,-0.0448908805847168,-5.835601329803467,0.2852168083190918
118,29,mlp,noising,0.8369792699813843,0.9418748021125793,0.9712734222412109,0.947364091873169,0.851038932800293,-0.746261715888977,0.9609375,-0.8812317848205566,0.71875,-1.0936195850372314,0.671875,-1.1910321712493896,0.59375,-0.8033316135406494,0.8203125,-6.085049152374268,5.203817367553711,-5.975897789001465,4.882278203964233,-5.248791694641113,4.057759523391724,-5.738489627838135,4.935158014297485,-4.302425384521484,3.5561636686325073,-3.1636667251586914,2.2824349403381348,-3.426377534866333,2.3327579498291016,-3.0709571838378906,1.879925012588501
119,29,mlp,denoising,0.8357099294662476,0.9432148933410645,0.9672204852104187,0.9432302713394165,0.8869956731796265,-4.628331184387207,0.0625,-4.558517932891846,0.125,-5.124867916107178,0.0390625,-5.203365325927734,0.078125,-5.740668773651123,0.09375,-5.8202805519104,1.2617626190185547,-5.536446571350098,0.4115786552429199,-4.90717887878418,-0.2961864471435547,-5.8441619873046875,0.10349321365356445,-4.725112438201904,0.09678125381469727,-5.017995357513428,0.45947742462158203,-5.205086708068848,0.08021879196166992,-5.526872158050537,0.32350683212280273
